<?xml version="1.0" encoding="utf-8"?> 
<odoo>
    <data noupdate="1">
        <record id="ir_cron_consolidate_last_month" model="ir.cron">
            <field name="name">Monthly Rent Invoices</field>
            <field name="model_id" ref="model_insafety_property_rent_contract"/>
            <field name="state">code</field>
            <field name="code">model._create_invoices()</field>
            <field name="active" eval="True"/>
            <field name="interval_number">1</field>
            <field name="interval_type">months</field>
            <field name="numbercall">-1</field>
            <field name="nextcall" eval="(DateTime.now() + relativedelta(day=1, months=1)).strftime('%Y-%m-%d 04:00:00')" />
        </record>
    </data>
</odoo>
